Date,Adj Close,Close,High,Low,Open,Volume
2024-03-18,83.70210266113281,83.70210266113281,83.70210266113281,83.70210266113281,83.70210266113281,0
2024-03-19,83.70210266113281,83.70210266113281,83.70210266113281,83.70210266113281,83.70210266113281,0
2024-03-20,83.70210266113281,83.70210266113281,83.70210266113281,83.70210266113281,83.70210266113281,0
2024-03-21,85.99759674072266,85.99759674072266,85.99759674072266,85.99759674072266,85.99759674072266,0
2024-03-22,87.50309753417969,87.50309753417969,87.50309753417969,87.50309753417969,87.50309753417969,0
2024-03-26,89.31999969482422,89.31999969482422,90.1500015258789,87.30000305175781,89.4800033569336,48740
2024-03-27,90.05999755859375,90.05999755859375,92.19999694824219,89.75,90.87000274658203,49742
2024-03-28,90.87000274658203,90.87000274658203,91.86000061035156,89.0,91.86000061035156,47037
2024-04-01,94.20999908447266,94.20999908447266,94.98999786376953,91.2300033569336,91.48999786376953,93267
2024-04-02,95.30999755859375,95.30999755859375,96.0,94.11000061035156,94.25,93156
2024-04-03,92.87000274658203,92.87000274658203,97.0,92.76000213623047,97.0,283145
2024-04-04,92.72000122070312,92.72000122070312,93.97000122070312,92.19999694824219,93.97000122070312,93681
2024-04-05,94.08999633789062,94.08999633789062,94.33999633789062,92.98999786376953,93.70999908447266,82733
2024-04-08,95.22000122070312,95.22000122070312,96.19999694824219,94.58000183105469,94.80000305175781,95496
2024-04-09,96.08999633789062,96.08999633789062,97.0,95.4000015258789,96.19000244140625,86226
2024-04-10,96.4800033569336,96.4800033569336,96.8499984741211,96.1500015258789,96.26000213623047,64628
2024-04-12,96.11000061035156,96.11000061035156,97.01000213623047,95.61000061035156,96.98999786376953,90571
2024-04-15,94.37000274658203,94.37000274658203,95.98999786376953,92.0,95.98999786376953,76400
2024-04-16,94.04000091552734,94.04000091552734,94.9000015258789,93.33000183105469,94.9000015258789,43022
2024-04-18,93.58999633789062,93.58999633789062,95.30000305175781,93.12000274658203,94.98999786376953,43089
2024-04-19,92.91999816894531,92.91999816894531,93.2300033569336,91.01000213623047,93.2300033569336,48413
2024-04-22,93.54000091552734,93.54000091552734,94.13999938964844,93.4000015258789,93.48999786376953,15958
2024-04-23,95.80999755859375,95.80999755859375,96.12999725341797,94.69000244140625,95.0,83823
2024-04-24,96.73999786376953,96.73999786376953,97.0,95.80000305175781,95.80000305175781,91481
2024-04-25,96.55000305175781,96.55000305175781,96.8499984741211,95.11000061035156,96.8499984741211,57277
2024-04-26,96.91000366210938,96.91000366210938,97.0999984741211,95.44000244140625,96.98999786376953,109682
2024-04-29,96.12999725341797,96.12999725341797,97.48999786376953,95.19999694824219,97.48999786376953,117919
2024-04-30,97.38999938964844,97.38999938964844,98.4000015258789,96.19999694824219,96.19999694824219,148176
2024-05-02,97.37999725341797,97.37999725341797,102.26000213623047,95.97000122070312,102.26000213623047,145597
2024-05-03,96.5,96.5,98.08000183105469,96.0,97.38999938964844,102280
2024-05-06,98.63999938964844,98.63999938964844,98.80000305175781,96.02999877929688,96.83000183105469,117605
2024-05-07,95.69000244140625,95.69000244140625,99.19999694824219,94.8499984741211,98.9800033569336,172949
2024-05-08,96.0999984741211,96.0999984741211,96.48999786376953,94.23999786376953,96.0,37690
2024-05-09,94.13999938964844,94.13999938964844,96.7699966430664,93.75,96.7699966430664,71464
2024-05-10,93.77999877929688,93.77999877929688,95.97000122070312,92.5,95.97000122070312,82767
2024-05-13,94.44000244140625,94.44000244140625,95.48999786376953,91.69999694824219,95.48999786376953,85153
2024-05-14,95.72000122070312,95.72000122070312,96.19999694824219,94.43000030517578,94.44000244140625,61955
2024-05-15,96.62999725341797,96.62999725341797,97.55000305175781,95.5,96.11000061035156,79199
2024-05-16,97.93000030517578,97.93000030517578,98.30000305175781,95.62999725341797,97.48999786376953,89257
2024-05-17,99.55000305175781,99.55000305175781,99.69999694824219,97.98999786376953,97.98999786376953,112528
2024-05-21,100.5,100.5,100.98999786376953,99.5,100.41999816894531,104553
2024-05-22,101.88999938964844,101.88999938964844,102.48999786376953,100.9000015258789,101.29000091552734,173232
2024-05-23,102.88999938964844,102.88999938964844,103.11000061035156,101.58999633789062,102.48999786376953,129823
2024-05-24,102.63999938964844,102.63999938964844,103.5,102.30999755859375,103.04000091552734,111936
2024-05-27,103.2300033569336,103.2300033569336,103.8499984741211,101.52999877929688,103.44000244140625,81559
2024-05-28,101.3499984741211,101.3499984741211,103.8499984741211,100.93000030517578,103.83999633789062,302295
2024-05-29,100.30000305175781,100.30000305175781,102.04000091552734,100.0,101.5,107220
2024-05-30,99.81999969482422,99.81999969482422,100.9800033569336,99.45999908447266,99.95999908447266,112249
2024-05-31,102.05000305175781,102.05000305175781,102.5,100.38999938964844,100.94000244140625,81645
2024-06-03,107.91000366210938,107.91000366210938,110.80000305175781,103.20999908447266,103.98999786376953,309564
2024-06-04,100.51000213623047,100.51000213623047,108.0,95.97000122070312,108.0,343879
2024-06-05,99.68000030517578,99.68000030517578,103.97000122070312,95.2300033569336,103.97000122070312,200167
2024-06-06,104.23999786376953,104.23999786376953,105.6500015258789,99.05000305175781,101.98999786376953,208395
2024-06-07,106.72000122070312,106.72000122070312,107.5,104.0,104.68000030517578,194182
2024-06-10,108.22000122070312,108.22000122070312,108.81999969482422,105.06999969482422,107.16999816894531,207413
2024-06-11,109.79000091552734,109.79000091552734,110.43000030517578,108.44999694824219,108.45999908447266,616265
2024-06-12,109.75,109.75,111.69999694824219,108.98999786376953,109.79000091552734,125693
2024-06-13,111.94999694824219,111.94999694824219,112.5999984741211,110.62999725341797,110.69000244140625,188185
2024-06-14,113.01000213623047,113.01000213623047,113.5,112.0,112.75,172047
2024-06-18,115.19999694824219,115.19999694824219,115.79000091552734,113.02999877929688,113.02999877929688,186558
2024-06-19,112.11000061035156,112.11000061035156,115.5,111.05000305175781,115.48999786376953,660990
2024-06-20,113.56999969482422,113.56999969482422,114.25,112.11000061035156,112.9000015258789,171000
2024-06-21,113.41000366210938,113.41000366210938,115.44999694824219,112.43000030517578,114.44000244140625,131892
2024-06-24,113.25,113.25,113.48999786376953,111.9000015258789,113.41000366210938,183505
2024-06-25,111.66000366210938,111.66000366210938,113.9000015258789,110.75,113.26000213623047,317384
2024-06-26,110.1500015258789,110.1500015258789,112.94000244140625,110.0,112.94000244140625,177873
2024-06-27,110.23999786376953,110.23999786376953,111.48999786376953,109.0,111.48999786376953,139551
2024-06-28,110.63999938964844,110.63999938964844,111.5,109.3499984741211,111.48999786376953,156998
2024-07-01,110.36000061035156,110.36000061035156,111.81999969482422,109.80000305175781,111.81999969482422,170724
2024-07-02,111.16000366210938,111.16000366210938,111.87999725341797,110.11000061035156,111.0999984741211,90447
2024-07-03,111.38999938964844,111.38999938964844,111.80000305175781,110.30000305175781,111.16000366210938,56220
2024-07-04,111.87000274658203,111.87000274658203,111.98999786376953,111.02999877929688,111.73999786376953,137964
2024-07-05,111.9000015258789,111.9000015258789,112.80000305175781,111.12000274658203,112.79000091552734,93074
2024-07-08,111.66000366210938,111.66000366210938,112.5999984741211,111.20999908447266,112.58999633789062,114782
2024-07-09,112.4000015258789,112.4000015258789,112.58999633789062,111.05000305175781,112.08999633789062,160673
2024-07-10,112.69000244140625,112.69000244140625,113.75,110.41999816894531,112.98999786376953,192940
2024-07-11,111.19000244140625,111.19000244140625,113.0,110.76000213623047,112.98999786376953,211834
2024-07-12,109.55000305175781,109.55000305175781,112.58999633789062,109.2699966430664,112.58999633789062,616879
2024-07-15,110.94000244140625,110.94000244140625,112.19000244140625,108.18000030517578,112.19000244140625,270461
2024-07-16,112.41999816894531,112.41999816894531,112.88999938964844,110.94000244140625,112.18000030517578,270475
2024-07-18,112.06999969482422,112.06999969482422,112.5,110.51000213623047,112.41000366210938,144770
2024-07-19,109.7699966430664,109.7699966430664,112.3499984741211,107.55000305175781,112.05999755859375,251096
2024-07-22,109.2699966430664,109.2699966430664,110.8499984741211,107.86000061035156,110.8499984741211,138690
2024-07-23,106.73999786376953,106.73999786376953,110.5,104.5999984741211,110.26000213623047,401443
2024-07-24,107.63999938964844,107.63999938964844,109.11000061035156,105.3499984741211,109.0999984741211,142850
2024-07-25,106.76000213623047,106.76000213623047,107.63999938964844,106.0999984741211,107.63999938964844,103351
2024-07-26,107.95999908447266,107.95999908447266,108.94999694824219,106.55000305175781,107.7699966430664,101579
2024-07-29,109.5,109.5,110.08999633789062,108.19999694824219,109.48999786376953,108455
2024-07-30,109.79000091552734,109.79000091552734,110.77999877929688,108.5,110.66000366210938,92416
2024-07-31,109.87000274658203,109.87000274658203,110.97000122070312,108.9000015258789,109.79000091552734,106040
2024-08-01,108.41999816894531,108.41999816894531,110.5,107.30999755859375,109.87999725341797,375395
2024-08-02,104.52999877929688,104.52999877929688,108.4800033569336,103.87999725341797,108.4800033569336,719236
2024-08-05,101.31999969482422,101.31999969482422,105.0,98.80000305175781,104.98999786376953,740561
2024-08-06,100.26000213623047,100.26000213623047,104.30999755859375,100.0,102.06999969482422,199693
2024-08-07,102.22000122070312,102.22000122070312,103.54000091552734,101.01000213623047,102.98999786376953,188333
2024-08-08,100.87999725341797,100.87999725341797,102.80000305175781,100.5999984741211,102.79000091552734,121257
2024-08-09,102.55999755859375,102.55999755859375,106.18000030517578,101.30000305175781,101.98999786376953,196516
2024-08-12,103.58999633789062,103.58999633789062,104.0,101.30999755859375,102.98999786376953,121279
2024-08-13,103.0199966430664,103.0199966430664,104.30000305175781,102.80999755859375,104.0,88504
2024-08-14,102.55999755859375,102.55999755859375,103.1500015258789,101.69000244140625,103.11000061035156,85632
2024-08-16,105.19999694824219,105.19999694824219,105.58999633789062,102.56999969482422,103.19000244140625,160238
2024-08-19,105.0999984741211,105.0999984741211,106.58000183105469,104.5,105.20999908447266,69187
2024-08-20,105.33000183105469,105.33000183105469,105.88999938964844,104.43000030517578,105.88999938964844,53303
2024-08-21,104.19999694824219,104.19999694824219,105.5199966430664,103.38999938964844,105.3499984741211,696225
2024-08-22,104.91999816894531,104.91999816894531,105.5,103.5999984741211,105.19000244140625,145669
2024-08-23,102.19999694824219,102.19999694824219,105.4000015258789,102.0,105.4000015258789,596266
2024-08-26,103.5199966430664,103.5199966430664,104.4800033569336,102.02999877929688,103.69999694824219,195467
2024-08-27,104.08999633789062,104.08999633789062,104.9000015258789,103.36000061035156,104.38999938964844,101657
2024-08-28,103.66000366210938,103.66000366210938,104.87000274658203,103.02999877929688,104.19999694824219,77027
2024-08-29,103.5199966430664,103.5199966430664,104.54000091552734,103.08999633789062,104.54000091552734,47211
2024-08-30,105.16999816894531,105.16999816894531,105.63999938964844,103.52999877929688,103.98999786376953,261391
2024-09-02,105.01000213623047,105.01000213623047,105.80000305175781,104.8499984741211,105.20999908447266,120759
2024-09-03,104.68000030517578,104.68000030517578,106.30000305175781,104.41000366210938,105.01000213623047,182076
2024-09-04,104.77999877929688,104.77999877929688,105.5,103.5999984741211,104.08999633789062,176643
2024-09-05,104.5,104.5,105.5999984741211,104.0,105.44000244140625,83426
2024-09-06,103.05999755859375,103.05999755859375,105.30000305175781,102.91999816894531,104.94000244140625,188890
2024-09-09,103.19000244140625,103.19000244140625,103.83000183105469,100.87000274658203,103.05999755859375,66400
2024-09-10,104.05999755859375,104.05999755859375,104.30999755859375,103.25,103.51000213623047,60597
2024-09-11,102.94999694824219,102.94999694824219,104.41000366210938,102.5,103.98999786376953,58020
2024-09-12,103.48999786376953,103.48999786376953,103.79000091552734,102.75,103.79000091552734,44947
2024-09-13,105.27999877929688,105.27999877929688,105.41999816894531,103.56999969482422,103.77999877929688,185511
2024-09-16,105.86000061035156,105.86000061035156,107.62999725341797,105.38999938964844,107.62999725341797,181451
2024-09-17,106.45999908447266,106.45999908447266,106.80000305175781,105.0,105.86000061035156,126738
2024-09-18,106.12000274658203,106.12000274658203,106.94999694824219,105.19999694824219,106.45999908447266,109277
2024-09-19,106.5999984741211,106.5999984741211,107.75,104.4000015258789,106.94000244140625,208618
2024-09-20,109.25,109.25,110.0,105.0,106.98999786376953,840994
2024-09-23,112.75,112.75,113.0,109.52999877929688,110.20999908447266,1180869
2024-09-24,112.20999908447266,112.20999908447266,113.12000274658203,111.4000015258789,112.75,267335
2024-09-25,112.94999694824219,112.94999694824219,113.05999755859375,110.61000061035156,113.05999755859375,203917
2024-09-26,113.3499984741211,113.3499984741211,113.76000213623047,110.80000305175781,112.79000091552734,270893
2024-09-27,111.94000244140625,111.94000244140625,113.80000305175781,110.62000274658203,113.36000061035156,378194
2024-09-30,110.12000274658203,110.12000274658203,112.08999633789062,109.1500015258789,111.94000244140625,304927
2024-10-01,110.0999984741211,110.0999984741211,111.44000244140625,109.0999984741211,111.44000244140625,73298
2024-10-03,105.87999725341797,105.87999725341797,111.19999694824219,105.0,111.19999694824219,808145
2024-10-04,103.83999633789062,103.83999633789062,107.72000122070312,101.72000122070312,107.01000213623047,838921
2024-10-07,102.41999816894531,102.41999816894531,106.94999694824219,101.8499984741211,106.94999694824219,220176
2024-10-08,103.41000366210938,103.41000366210938,104.4800033569336,101.3499984741211,103.13999938964844,198471
2024-10-09,105.0999984741211,105.0999984741211,107.0,103.02999877929688,107.0,114001
2024-10-10,105.12999725341797,105.12999725341797,106.30999755859375,104.80000305175781,105.69000244140625,188919
2024-10-11,104.45999908447266,104.45999908447266,106.19999694824219,103.69999694824219,106.19999694824219,135865
2024-10-14,105.58999633789062,105.58999633789062,106.25,104.0999984741211,106.23999786376953,411145
2024-10-15,107.58999633789062,107.58999633789062,107.93000030517578,105.0199966430664,106.0,283177
2024-10-16,108.26000213623047,108.26000213623047,108.4000015258789,106.19999694824219,108.0,195630
2024-10-17,104.87999725341797,104.87999725341797,108.62000274658203,104.44999694824219,108.44000244140625,284776
2024-10-18,104.93000030517578,104.93000030517578,105.95999908447266,102.5999984741211,105.95999908447266,139088
2024-10-21,103.5199966430664,103.5199966430664,105.9000015258789,103.0999984741211,105.88999938964844,64591
2024-10-22,100.4000015258789,100.4000015258789,103.94000244140625,99.58000183105469,103.94000244140625,636391
2024-10-23,100.2300033569336,100.2300033569336,102.87999725341797,97.55000305175781,100.9800033569336,325217
2024-10-24,98.87000274658203,98.87000274658203,101.91999816894531,98.56999969482422,100.44999694824219,132585
2024-10-25,97.6500015258789,97.6500015258789,99.5,95.66000366210938,99.5,217641
2024-10-28,98.95999908447266,98.95999908447266,99.5,96.30000305175781,98.4000015258789,105938
2024-10-29,100.26000213623047,100.26000213623047,100.38999938964844,98.0,99.98999786376953,61354
2024-10-30,100.33000183105469,100.33000183105469,101.41999816894531,99.05000305175781,100.48999786376953,65359
2024-10-31,99.91000366210938,99.91000366210938,101.63999938964844,99.3499984741211,101.63999938964844,43709
2024-11-01,99.91000366210938,99.91000366210938,99.91000366210938,99.91000366210938,99.91000366210938,0
2024-11-04,98.12999725341797,98.12999725341797,101.38999938964844,97.80000305175781,101.38999938964844,127564
2024-11-05,98.66999816894531,98.66999816894531,99.73999786376953,97.11000061035156,98.13999938964844,69241
2024-11-06,101.43000030517578,101.43000030517578,102.0,99.48999786376953,99.87000274658203,131486
2024-11-07,99.9000015258789,99.9000015258789,102.29000091552734,99.79000091552734,102.29000091552734,58959
2024-11-08,97.13999938964844,97.13999938964844,99.98999786376953,96.9000015258789,99.94999694824219,369111
2024-11-11,96.80000305175781,96.80000305175781,98.13999938964844,96.0999984741211,97.95999908447266,199264
2024-11-12,97.0199966430664,97.0199966430664,98.68000030517578,96.80999755859375,96.80999755859375,64834
2024-11-13,93.94999694824219,93.94999694824219,98.26000213623047,93.0999984741211,98.26000213623047,302701
2024-11-14,94.9000015258789,94.9000015258789,95.45999908447266,94.06999969482422,95.45999908447266,59414
2024-11-18,95.31999969482422,95.31999969482422,96.9000015258789,94.0,96.79000091552734,91089
2024-11-19,96.72000122070312,96.72000122070312,97.6500015258789,95.05999755859375,96.80000305175781,71152
2024-11-21,97.44000244140625,97.44000244140625,98.19000244140625,95.5,98.19000244140625,52145
2024-11-22,100.4800033569336,100.4800033569336,100.8499984741211,96.62000274658203,98.44000244140625,277848
2024-11-25,102.75,102.75,104.58000183105469,100.8499984741211,100.8499984741211,1316285
2024-11-26,103.0,103.0,104.58999633789062,102.80000305175781,104.58999633789062,181686
2024-11-27,102.41999816894531,102.41999816894531,103.0,101.9000015258789,103.0,55912
2024-11-28,102.5199966430664,102.5199966430664,103.80000305175781,102.01000213623047,102.80000305175781,162552
2024-11-29,102.0999984741211,102.0999984741211,102.80000305175781,101.51000213623047,102.77999877929688,83943
2024-12-02,104.88999938964844,104.88999938964844,105.19999694824219,100.51000213623047,102.0999984741211,290938
2024-12-03,105.2300033569336,105.2300033569336,105.93000030517578,104.5,105.3499984741211,184379
2024-12-04,107.47000122070312,107.47000122070312,107.69999694824219,104.01000213623047,104.01000213623047,872554
2024-12-05,107.05000305175781,107.05000305175781,108.19999694824219,105.62999725341797,107.45999908447266,162839
2024-12-06,107.33999633789062,107.33999633789062,107.97000122070312,106.23999786376953,107.0,118112
2024-12-09,107.52999877929688,107.52999877929688,108.1500015258789,106.01000213623047,107.29000091552734,142977
2024-12-10,109.08000183105469,109.08000183105469,109.45999908447266,106.51000213623047,107.88999938964844,322634
2024-12-11,109.04000091552734,109.04000091552734,109.6500015258789,107.43000030517578,109.08000183105469,237862
2024-12-12,108.8499984741211,108.8499984741211,109.9000015258789,107.05000305175781,109.9000015258789,101901
2024-12-13,108.37999725341797,108.37999725341797,108.98999786376953,106.0,108.8499984741211,1537175
2024-12-16,111.63999938964844,111.63999938964844,112.0999984741211,108.0,109.5,515566
2024-12-17,111.52999877929688,111.52999877929688,113.5,111.01000213623047,111.62999725341797,393530
2024-12-18,111.0199966430664,111.0199966430664,112.76000213623047,110.5999984741211,112.76000213623047,94810
2024-12-19,110.13999938964844,110.13999938964844,110.79000091552734,108.30999755859375,110.5,118833
2024-12-20,106.08999633789062,106.08999633789062,111.0,105.7300033569336,110.13999938964844,134099
2024-12-23,107.56999969482422,107.56999969482422,108.5,103.97000122070312,103.97000122070312,65542
2024-12-24,107.2699966430664,107.2699966430664,108.6500015258789,106.56999969482422,107.56999969482422,56064
2024-12-26,107.54000091552734,107.54000091552734,109.29000091552734,105.27999877929688,107.27999877929688,85631
2024-12-27,107.01000213623047,107.01000213623047,108.0,106.01000213623047,106.01000213623047,28113
2024-12-30,105.18000030517578,105.18000030517578,110.0,104.52999877929688,108.0,81682
2024-12-31,105.13999938964844,105.13999938964844,106.97000122070312,103.4000015258789,103.4000015258789,33869
2025-01-01,104.16999816894531,104.16999816894531,105.26000213623047,104.0,105.13999938964844,58594
2025-01-02,105.4000015258789,105.4000015258789,106.69999694824219,103.45999908447266,106.69999694824219,91557
2025-01-03,104.7699966430664,104.7699966430664,105.76000213623047,104.29000091552734,105.41999816894531,102857
2025-01-06,101.51000213623047,101.51000213623047,106.91000366210938,101.0,104.77999877929688,126583
2025-01-07,101.94000244140625,101.94000244140625,102.54000091552734,101.02999877929688,101.51000213623047,73144
2025-01-08,102.12999725341797,102.12999725341797,104.0,100.08000183105469,103.98999786376953,50792
2025-01-09,99.25,99.25,102.13999938964844,98.94999694824219,102.13999938964844,220096
2025-01-10,96.52999877929688,96.52999877929688,100.5,96.30999755859375,100.5,246082
2025-01-13,90.2699966430664,90.2699966430664,98.5,89.87999725341797,98.5,579351
2025-01-14,90.87999725341797,90.87999725341797,92.97000122070312,90.0,91.97000122070312,295624
2025-01-15,92.30999755859375,92.30999755859375,93.12000274658203,90.48999786376953,92.70999908447266,123173
2025-01-16,92.83999633789062,92.83999633789062,95.2699966430664,92.58999633789062,93.11000061035156,205424
2025-01-17,94.08999633789062,94.08999633789062,94.48999786376953,92.44999694824219,92.91000366210938,107765
2025-01-20,94.7300033569336,94.7300033569336,95.97000122070312,93.36000061035156,95.97000122070312,102230
2025-01-21,90.86000061035156,90.86000061035156,95.8499984741211,90.5999984741211,95.8499984741211,408984
2025-01-22,86.63999938964844,86.63999938964844,93.5999984741211,85.56999969482422,93.5999984741211,674500
2025-01-23,87.55000305175781,87.55000305175781,88.98999786376953,86.0,88.98999786376953,261602
2025-01-24,85.51000213623047,85.51000213623047,88.98999786376953,85.36000061035156,88.98999786376953,307138
2025-01-27,84.5199966430664,84.5199966430664,87.45999908447266,84.0999984741211,87.22000122070312,288471
2025-01-28,86.33000183105469,86.33000183105469,87.38999938964844,84.19999694824219,86.69999694824219,222197
2025-01-29,88.8499984741211,88.8499984741211,89.08000183105469,86.19999694824219,88.05999755859375,296317
2025-01-30,90.33999633789062,90.33999633789062,91.26000213623047,88.8499984741211,89.80999755859375,309634
2025-01-31,91.94999694824219,91.94999694824219,92.48999786376953,89.44999694824219,90.62000274658203,284132
2025-02-01,94.93000030517578,94.93000030517578,95.41000366210938,90.69999694824219,93.79000091552734,436062
2025-02-03,94.6500015258789,94.6500015258789,97.5,92.52999877929688,95.0,207833
2025-02-04,95.29000091552734,95.29000091552734,96.48999786376953,93.0,95.48999786376953,212774
2025-02-05,93.79000091552734,93.79000091552734,96.83999633789062,93.55999755859375,95.29000091552734,156310
2025-02-06,91.80000305175781,91.80000305175781,94.98999786376953,91.56999969482422,94.98999786376953,207193
2025-02-07,91.83999633789062,91.83999633789062,93.48999786376953,91.16999816894531,92.33000183105469,213677
2025-02-10,89.20999908447266,89.20999908447266,92.77999877929688,88.55000305175781,92.77999877929688,274824
2025-02-11,86.41999816894531,86.41999816894531,90.98999786376953,85.44999694824219,90.98999786376953,327054
2025-02-12,84.08000183105469,84.08000183105469,87.87000274658203,83.63999938964844,87.87000274658203,411854
2025-02-13,84.80999755859375,84.80999755859375,86.0,83.27999877929688,86.0,185746
2025-02-14,83.38999938964844,83.38999938964844,85.80000305175781,82.0,85.2699966430664,296464
2025-02-17,83.25,83.25,85.5,80.76000213623047,84.8499984741211,152541
2025-02-18,83.30999755859375,83.30999755859375,84.8499984741211,82.13999938964844,83.45999908447266,92607
2025-02-19,84.68000030517578,84.68000030517578,85.80000305175781,82.44999694824219,83.9800033569336,92445
2025-02-20,85.55000305175781,85.55000305175781,85.94000244140625,83.9000015258789,85.63999938964844,69685
2025-02-21,84.43000030517578,84.43000030517578,86.58999633789062,84.11000061035156,85.98999786376953,152625
2025-02-24,83.83999633789062,83.83999633789062,84.48999786376953,82.5,83.6500015258789,98635
2025-02-25,82.7699966430664,82.7699966430664,84.69000244140625,82.5,83.8499984741211,57533
2025-02-27,80.94000244140625,80.94000244140625,83.97000122070312,80.69999694824219,83.25,216449
2025-02-28,80.05000305175781,80.05000305175781,81.48999786376953,78.80000305175781,80.95999908447266,180618
2025-03-03,80.76000213623047,80.76000213623047,81.66000366210938,78.4000015258789,81.6500015258789,176367
2025-03-04,80.91000366210938,80.91000366210938,81.5,78.5199966430664,80.05999755859375,130909
2025-03-05,82.80000305175781,82.80000305175781,85.0,80.9000015258789,80.91999816894531,214997
2025-03-06,82.77999877929688,82.77999877929688,83.80000305175781,82.4000015258789,83.19000244140625,184914
2025-03-07,81.73999786376953,81.73999786376953,83.98999786376953,81.43000030517578,82.79000091552734,222169
2025-03-10,80.1500015258789,80.1500015258789,83.0,79.80000305175781,81.75,168111
2025-03-11,82.80000305175781,82.80000305175781,83.1500015258789,79.0,81.75,175532
2025-03-12,81.45999908447266,81.45999908447266,84.45999908447266,80.77999877929688,81.20999908447266,182532
2025-03-13,80.16999816894531,80.16999816894531,83.0999984741211,79.94999694824219,83.0999984741211,196962
2025-03-17,79.8499984741211,79.8499984741211,80.55000305175781,79.20999908447266,80.48999786376953,192731
2025-03-18,79.8499984741211,79.8499984741211,79.8499984741211,79.8499984741211,79.8499984741211,0
2025-03-19,84.31999969482422,84.31999969482422,84.5999984741211,81.5,81.51000213623047,206073
2025-03-20,85.23999786376953,85.23999786376953,85.7699966430664,84.22000122070312,85.5,243309
2025-03-21,86.31999969482422,86.31999969482422,87.69999694824219,85.1500015258789,85.30000305175781,473191
2025-03-24,87.44999694824219,87.44999694824219,88.27999877929688,86.31999969482422,86.5,306285
2025-03-25,86.18000030517578,86.18000030517578,88.73999786376953,85.9000015258789,87.44999694824219,251046
2025-03-26,85.13999938964844,85.13999938964844,87.76000213623047,84.8499984741211,86.22000122070312,142506
2025-03-27,86.19999694824219,86.19999694824219,86.98999786376953,84.36000061035156,85.16000366210938,161289
2025-03-28,84.77999877929688,84.77999877929688,87.79000091552734,84.51000213623047,85.5199966430664,230403
2025-04-01,82.62000274658203,82.62000274658203,84.87999725341797,82.0999984741211,84.77999877929688,337586
2025-04-02,85.33999633789062,85.33999633789062,85.5,82.20999908447266,82.8499984741211,204327
2025-04-03,85.45999908447266,85.45999908447266,85.80999755859375,84.11000061035156,84.5,121574
2025-04-04,82.4800033569336,82.4800033569336,85.79000091552734,81.55000305175781,85.79000091552734,252276
2025-04-07,77.80999755859375,77.80999755859375,82.01000213623047,77.0,82.01000213623047,482276
2025-04-08,79.68000030517578,79.68000030517578,80.80000305175781,78.44999694824219,79.73999786376953,162870
2025-04-09,78.1500015258789,78.1500015258789,79.94999694824219,77.5,79.66999816894531,215188
2025-04-11,79.11000061035156,79.11000061035156,80.9800033569336,78.80000305175781,79.70999908447266,208785
2025-04-15,83.20999908447266,83.20999908447266,83.37999725341797,80.16000366210938,80.69999694824219,357775
2025-04-16,83.70999908447266,83.70999908447266,84.0999984741211,82.62999725341797,83.19999694824219,178425
2025-04-17,84.33999633789062,84.33999633789062,84.7300033569336,83.29000091552734,83.72000122070312,164119
2025-04-21,86.38999938964844,86.38999938964844,86.87000274658203,83.87000274658203,84.33000183105469,289207
2025-04-22,88.30999755859375,88.30999755859375,88.94999694824219,85.7300033569336,87.38999938964844,454498
2025-04-23,89.45999908447266,89.45999908447266,90.23999786376953,88.41000366210938,88.5199966430664,459354
2025-04-24,88.47000122070312,88.47000122070312,89.93000030517578,88.06999969482422,89.69000244140625,292264
2025-04-25,85.95999908447266,85.95999908447266,89.55000305175781,85.37000274658203,89.0,509392
2025-04-28,87.13999938964844,87.13999938964844,87.27999877929688,85.37999725341797,86.18000030517578,145248
2025-04-29,86.93000030517578,86.93000030517578,88.0,86.68000030517578,87.58000183105469,173355
2025-04-30,88.30999755859375,88.30999755859375,89.8499984741211,86.93000030517578,87.11000061035156,497721
2025-05-02,87.43000030517578,87.43000030517578,89.26000213623047,87.20999908447266,88.80000305175781,222791
2025-05-05,88.61000061035156,88.61000061035156,89.29000091552734,87.29000091552734,88.37999725341797,164799
2025-05-06,85.62000274658203,85.62000274658203,88.7699966430664,85.4000015258789,88.62000274658203,346865
2025-05-07,86.41999816894531,86.41999816894531,86.5999984741211,84.11000061035156,85.62000274658203,259528
2025-05-08,84.54000091552734,84.54000091552734,87.19999694824219,84.11000061035156,87.19999694824219,275148
2025-05-09,82.5,82.5,84.54000091552734,81.04000091552734,83.98999786376953,591592
2025-05-12,87.2699966430664,87.2699966430664,87.5999984741211,84.12000274658203,84.5,529958
2025-05-13,86.66999816894531,86.66999816894531,87.87999725341797,84.0,84.0,238123
2025-05-14,87.91999816894531,87.91999816894531,88.5,85.77999877929688,86.81999969482422,394418
2025-05-15,89.58999633789062,89.58999633789062,89.87999725341797,86.80000305175781,87.91000366210938,485873
2025-05-16,91.22000122070312,91.22000122070312,91.5,89.45999908447266,89.98999786376953,676277
2025-05-19,93.26000213623047,93.26000213623047,93.44999694824219,91.0,91.29000091552734,620282
2025-05-20,92.0,92.0,94.9800033569336,91.75,93.44999694824219,645027
2025-05-21,93.7699966430664,93.7699966430664,94.62000274658203,92.0,92.0,525549
2025-05-22,93.48999786376953,93.48999786376953,94.16999816894531,92.68000030517578,93.5,291533
2025-05-23,93.63999938964844,93.63999938964844,94.30000305175781,93.01000213623047,93.16000366210938,154019
2025-05-26,94.30000305175781,94.30000305175781,95.33000183105469,93.4000015258789,93.6500015258789,383284
2025-05-27,94.4000015258789,94.4000015258789,95.33000183105469,92.41000366210938,92.41000366210938,178778
2025-05-28,94.23999786376953,94.23999786376953,95.30000305175781,94.0,94.87000274658203,191219
2025-05-29,95.31999969482422,95.31999969482422,95.54000091552734,92.33000183105469,94.27999877929688,378815
2025-05-30,94.5999984741211,94.5999984741211,95.9000015258789,94.12999725341797,95.33999633789062,288409
2025-06-02,97.18000030517578,97.18000030517578,97.30000305175781,93.62999725341797,94.66000366210938,759616
2025-06-03,98.01000213623047,98.01000213623047,100.0999984741211,97.16999816894531,100.0999984741211,499016
2025-06-04,97.41000366210938,97.41000366210938,98.4800033569336,96.75,98.01000213623047,270832
2025-06-05,99.0999984741211,99.0999984741211,99.69999694824219,97.4800033569336,97.51000213623047,522002
2025-06-06,103.9000015258789,103.9000015258789,104.06999969482422,98.9800033569336,101.56999969482422,1399326
2025-06-09,103.58000183105469,103.58000183105469,107.0199966430664,103.16000366210938,107.0199966430664,725399
2025-06-10,102.36000061035156,102.36000061035156,104.30000305175781,102.12999725341797,103.56999969482422,514053
2025-06-11,102.41000366210938,102.41000366210938,103.80000305175781,101.75,102.58999633789062,251489
2025-06-12,100.31999969482422,100.31999969482422,102.55000305175781,100.11000061035156,102.44000244140625,404832
2025-06-13,100.63999938964844,100.63999938964844,100.9000015258789,97.70999908447266,100.0,442014
2025-06-16,102.0,102.0,102.13999938964844,99.37000274658203,100.62999725341797,212020
2025-06-17,101.36000061035156,101.36000061035156,103.73999786376953,101.26000213623047,102.1500015258789,607093
2025-06-18,100.87000274658203,100.87000274658203,102.91999816894531,100.55999755859375,101.3499984741211,210649
2025-06-19,99.0,99.0,101.5,98.5,101.33000183105469,317280
2025-06-20,101.16000366210938,101.16000366210938,101.52999877929688,99.19999694824219,99.5,298813
2025-06-23,101.0999984741211,101.0999984741211,101.56999969482422,98.62999725341797,98.62999725341797,201381
2025-06-24,101.4800033569336,101.4800033569336,102.9000015258789,101.30999755859375,101.48999786376953,328874
2025-06-25,101.73999786376953,101.73999786376953,102.05000305175781,100.8499984741211,101.47000122070312,196736
2025-06-26,100.95999908447266,100.95999908447266,102.9000015258789,100.0199966430664,102.9000015258789,430643
2025-06-27,99.33000183105469,99.33000183105469,101.93000030517578,99.0999984741211,101.45999908447266,533061
2025-06-30,98.70999908447266,98.70999908447266,99.97000122070312,98.58999633789062,99.81999969482422,427104
2025-07-01,98.43000030517578,98.43000030517578,99.5,97.81999969482422,99.0999984741211,621159
2025-07-02,97.16999816894531,97.16999816894531,98.91999816894531,96.4800033569336,98.91999816894531,718268
2025-07-03,96.3499984741211,96.3499984741211,97.7300033569336,96.27999877929688,97.30999755859375,453876
2025-07-04,97.25,97.25,97.73999786376953,95.87000274658203,97.73999786376953,449548
2025-07-07,97.20999908447266,97.20999908447266,100.16999816894531,96.83999633789062,99.77999877929688,322307
2025-07-08,98.0999984741211,98.0999984741211,98.2300033569336,96.51000213623047,97.9000015258789,343083
2025-07-09,96.83999633789062,96.83999633789062,98.58999633789062,96.5,98.58999633789062,441682
2025-07-10,97.30000305175781,97.30000305175781,97.9000015258789,96.66999816894531,96.91999816894531,173546
2025-07-11,96.30999755859375,96.30999755859375,97.58999633789062,96.19999694824219,97.30000305175781,222990
2025-07-14,97.31999969482422,97.31999969482422,98.70999908447266,96.0199966430664,98.70999908447266,372864
2025-07-15,98.30999755859375,98.30999755859375,98.75,97.4000015258789,98.16000366210938,364714
2025-07-16,98.62000274658203,98.62000274658203,99.01000213623047,97.12999725341797,98.23999786376953,427397
2025-07-17,99.80000305175781,99.80000305175781,100.1500015258789,98.55999755859375,98.62000274658203,557041
2025-07-18,99.73999786376953,99.73999786376953,100.30000305175781,99.16999816894531,99.19999694824219,287947
2025-07-21,100.2300033569336,100.2300033569336,100.37999725341797,99.41999816894531,100.0,290558
2025-07-22,99.25,99.25,100.55000305175781,99.02999877929688,100.2300033569336,260099
2025-07-23,97.01000213623047,97.01000213623047,99.4800033569336,96.45999908447266,99.11000061035156,735080
2025-07-24,95.9800033569336,95.9800033569336,97.88999938964844,95.4800033569336,97.88999938964844,494431
2025-07-25,95.01000213623047,95.01000213623047,96.66000366210938,94.8499984741211,95.98999786376953,201294
2025-07-28,91.38999938964844,91.38999938964844,95.4800033569336,91.19000244140625,95.0,1202098
2025-07-29,92.86000061035156,92.86000061035156,93.11000061035156,91.30000305175781,92.01000213623047,278287
2025-07-30,91.97000122070312,91.97000122070312,95.18000030517578,91.80000305175781,95.18000030517578,208631
2025-07-31,91.19000244140625,91.19000244140625,91.97000122070312,90.51000213623047,91.97000122070312,335028
2025-08-01,89.77999877929688,89.77999877929688,91.94999694824219,89.5,91.19999694824219,318012
2025-08-04,91.33999633789062,91.33999633789062,91.55000305175781,89.55999755859375,90.8499984741211,181290
2025-08-05,90.9000015258789,90.9000015258789,91.5999984741211,90.01000213623047,91.5999984741211,121503
2025-08-06,89.54000091552734,89.54000091552734,91.0,88.55000305175781,90.51000213623047,263667
2025-08-07,89.48999786376953,89.48999786376953,90.0,88.08999633789062,89.98999786376953,226780
2025-08-08,87.62000274658203,87.62000274658203,89.79000091552734,87.38999938964844,89.4000015258789,319341
2025-08-11,89.19999694824219,89.19999694824219,89.33999633789062,87.54000091552734,88.69000244140625,360604
2025-08-12,88.51000213623047,88.51000213623047,89.73999786376953,88.12000274658203,89.45999908447266,226436
2025-08-13,88.75,88.75,89.5,88.48999786376953,88.48999786376953,238410
2025-08-14,88.1500015258789,88.1500015258789,89.63999938964844,87.94000244140625,89.19999694824219,216075
2025-08-18,90.0999984741211,90.0999984741211,90.56999969482422,88.61000061035156,88.91999816894531,283780
2025-08-19,90.5999984741211,90.5999984741211,90.69999694824219,89.19999694824219,90.62000274658203,183167
2025-08-20,91.5199966430664,91.5199966430664,91.75,90.45999908447266,90.5999984741211,186593
2025-08-21,91.97000122070312,91.97000122070312,92.94000244140625,90.30000305175781,91.69000244140625,255500
2025-08-22,91.13999938964844,91.13999938964844,92.5,91.0199966430664,92.48999786376953,120386
2025-08-25,91.73999786376953,91.73999786376953,92.37999725341797,91.23999786376953,91.23999786376953,166237
2025-08-26,89.79000091552734,89.79000091552734,92.0,89.62999725341797,91.9800033569336,442437
2025-08-28,88.37999725341797,88.37999725341797,89.9000015258789,88.16000366210938,89.88999938964844,365781
2025-08-29,87.29000091552734,87.29000091552734,88.9800033569336,87.05000305175781,88.83999633789062,492980
2025-09-01,88.19000244140625,88.19000244140625,88.70999908447266,87.1500015258789,87.29000091552734,343170
2025-09-02,88.80000305175781,88.80000305175781,89.68000030517578,88.01000213623047,88.01000213623047,270790
2025-09-03,89.26000213623047,89.26000213623047,89.62999725341797,88.3499984741211,89.62999725341797,234862
2025-09-04,88.4000015258789,88.4000015258789,91.94000244140625,88.12000274658203,91.94000244140625,388131
2025-09-05,87.58000183105469,87.58000183105469,89.47000122070312,86.76000213623047,89.47000122070312,464977
2025-09-08,87.79000091552734,87.79000091552734,88.5,87.58999633789062,88.0199966430664,140562
2025-09-09,87.5999984741211,87.5999984741211,88.63999938964844,87.22000122070312,88.63999938964844,169480
2025-09-10,88.51000213623047,88.51000213623047,89.0,87.73999786376953,88.02999877929688,316370
2025-09-11,88.55999755859375,88.55999755859375,88.98999786376953,88.12000274658203,88.51000213623047,256526
2025-09-12,88.69999694824219,88.69999694824219,89.5999984741211,86.75,88.98999786376953,352107
2025-09-15,90.52999877929688,90.52999877929688,91.29000091552734,88.18000030517578,90.47000122070312,878385
2025-09-16,91.36000061035156,91.36000061035156,91.6500015258789,90.48999786376953,90.48999786376953,489804
2025-09-17,91.94999694824219,91.94999694824219,92.48999786376953,91.36000061035156,91.97000122070312,372871
2025-09-18,91.9000015258789,91.9000015258789,92.73999786376953,91.51000213623047,91.98999786376953,307147
2025-09-19,92.37999725341797,92.37999725341797,92.69999694824219,91.38999938964844,92.0,249788
2025-09-22,91.97000122070312,91.97000122070312,93.25,91.5,92.37999725341797,460193
2025-09-23,91.26000213623047,91.26000213623047,92.95999908447266,90.52999877929688,92.41999816894531,250667
2025-09-24,89.27999877929688,89.27999877929688,91.88999938964844,89.08999633789062,91.88999938964844,422893
2025-09-25,87.77999877929688,87.77999877929688,89.75,87.5,89.29000091552734,454817
2025-09-26,87.08999633789062,87.08999633789062,88.5,86.8499984741211,87.9800033569336,449153
2025-09-29,87.77999877929688,87.77999877929688,88.38999938964844,86.95999908447266,88.38999938964844,205934
2025-09-30,86.93000030517578,86.93000030517578,89.25,86.5,87.86000061035156,389132
2025-10-01,87.70999908447266,87.70999908447266,88.08000183105469,86.93000030517578,87.36000061035156,247126
2025-10-03,87.83999633789062,87.83999633789062,88.73999786376953,87.30000305175781,88.5,294396
2025-10-06,88.44999694824219,88.44999694824219,88.9000015258789,87.30000305175781,88.69000244140625,398286
2025-10-07,89.12000274658203,89.12000274658203,89.22000122070312,87.70999908447266,88.48999786376953,412110
2025-10-08,87.66999816894531,87.66999816894531,89.4000015258789,87.52999877929688,89.12000274658203,488443
2025-10-09,88.27999877929688,88.27999877929688,88.9800033569336,87.68000030517578,87.98999786376953,368576
2025-10-10,89.83999633789062,89.83999633789062,90.11000061035156,88.08999633789062,88.43000030517578,741805
2025-10-13,89.86000061035156,89.86000061035156,90.27999877929688,88.5,90.27999877929688,266542
2025-10-14,89.02999877929688,89.02999877929688,90.4000015258789,88.63999938964844,90.30000305175781,229710
2025-10-15,91.66000366210938,91.66000366210938,91.98999786376953,89.0,89.01000213623047,952141
2025-10-16,93.30999755859375,93.30999755859375,93.5,91.69000244140625,91.80000305175781,887664
2025-10-17,93.2300033569336,93.2300033569336,94.12999725341797,92.75,93.31999969482422,880204
2025-10-20,93.69999694824219,93.69999694824219,93.98999786376953,92.88999938964844,93.69000244140625,357453
2025-10-21,93.87999725341797,93.87999725341797,94.12999725341797,93.56999969482422,93.98999786376953,153330
2025-10-23,93.77999877929688,93.77999877929688,94.51000213623047,93.56999969482422,94.27999877929688,444573
2025-10-27,95.80000305175781,95.80000305175781,96.0,94.30000305175781,94.30000305175781,3470295
2025-10-28,94.58000183105469,94.58000183105469,96.31999969482422,94.19000244140625,94.80000305175781,578998
2025-10-29,95.16999816894531,95.16999816894531,95.51000213623047,94.41000366210938,94.41000366210938,764692
2025-10-30,95.1500015258789,95.1500015258789,96.1500015258789,94.43000030517578,95.16000366210938,652699
2025-10-31,94.91999816894531,94.91999816894531,96.23999786376953,94.69999694824219,95.16000366210938,706331
2025-11-03,97.06999969482422,97.06999969482422,97.29000091552734,94.58000183105469,94.98999786376953,883872
2025-11-04,95.9000015258789,95.9000015258789,99.48999786376953,95.56999969482422,99.48999786376953,2744597
2025-11-06,94.86000061035156,94.86000061035156,96.30999755859375,94.5,95.88999938964844,667267
2025-11-07,94.87000274658203,94.87000274658203,95.48999786376953,93.23999786376953,95.33000183105469,969770
2025-11-10,94.58000183105469,94.58000183105469,95.37999725341797,94.43000030517578,94.73999786376953,260818
2025-11-11,94.45999908447266,94.45999908447266,95.30999755859375,93.47000122070312,95.05000305175781,909178
2025-11-12,93.9000015258789,93.9000015258789,95.2699966430664,93.47000122070312,94.76000213623047,547491
2025-11-13,94.41999816894531,94.41999816894531,95.3499984741211,93.91000366210938,93.98999786376953,497980
2025-11-14,93.94999694824219,93.94999694824219,95.5,93.5,94.41999816894531,349315
2025-11-17,94.66999816894531,94.66999816894531,95.0,94.2300033569336,94.41999816894531,431423
2025-11-18,92.87999725341797,92.87999725341797,95.13999938964844,92.75,95.13999938964844,926798
2025-11-19,92.56999969482422,92.56999969482422,93.79000091552734,91.93000030517578,92.88999938964844,473836
2025-11-20,92.44999694824219,92.44999694824219,93.01000213623047,92.05000305175781,92.48999786376953,835198
2025-11-21,90.69000244140625,90.69000244140625,92.91000366210938,90.29000091552734,92.91000366210938,618174
2025-11-24,88.81999969482422,88.81999969482422,91.69000244140625,88.68000030517578,91.69000244140625,747913
2025-11-25,90.20999908447266,90.20999908447266,90.5,88.81999969482422,89.2699966430664,632822
2025-11-26,91.41000366210938,91.41000366210938,91.55000305175781,90.19999694824219,90.66000366210938,845796
2025-11-27,90.58000183105469,90.58000183105469,91.86000061035156,90.44000244140625,91.86000061035156,452672
2025-11-28,90.44000244140625,90.44000244140625,91.58000183105469,89.94999694824219,91.58000183105469,601856
2025-12-01,89.55999755859375,89.55999755859375,90.9000015258789,89.19999694824219,90.5,1050567
2025-12-02,89.36000061035156,89.36000061035156,90.19000244140625,89.0,90.0,409734
2025-12-03,88.5199966430664,88.5199966430664,90.26000213623047,88.3499984741211,89.66999816894531,724895
2025-12-04,89.1500015258789,89.1500015258789,89.58000183105469,88.18000030517578,89.29000091552734,418344
2025-12-05,89.47000122070312,89.47000122070312,90.4000015258789,88.88999938964844,89.9800033569336,634584
2025-12-08,86.26000213623047,86.26000213623047,90.1500015258789,85.9000015258789,90.13999938964844,2271072
2025-12-09,87.12999725341797,87.12999725341797,87.91999816894531,85.19999694824219,87.91999816894531,677686
2025-12-10,86.76000213623047,86.76000213623047,88.0,86.0999984741211,87.55999755859375,543142
2025-12-11,87.38999938964844,87.38999938964844,87.80000305175781,86.30000305175781,86.7699966430664,396057
2025-12-12,88.61000061035156,88.61000061035156,88.75,87.48999786376953,87.91999816894531,856620
2025-12-15,88.58000183105469,88.58000183105469,88.94000244140625,87.54000091552734,88.94000244140625,352428
2025-12-16,87.41999816894531,87.41999816894531,88.51000213623047,87.0999984741211,88.51000213623047,568142
2025-12-17,86.81999969482422,86.81999969482422,87.83000183105469,86.51000213623047,87.43000030517578,240463
2025-12-18,86.94000244140625,86.94000244140625,87.55999755859375,85.7699966430664,86.81999969482422,332982
2025-12-19,88.47540283203125,88.47540283203125,88.47540283203125,88.47540283203125,88.47540283203125,0
2025-12-22,88.58000183105469,88.58000183105469,89.41999816894531,88.37999725341797,88.9800033569336,587628
2025-12-23,88.4800033569336,88.4800033569336,88.91999816894531,88.0999984741211,88.73999786376953,389959
2025-12-24,88.91000366210938,88.91000366210938,89.19999694824219,88.33000183105469,89.08999633789062,3962118
2025-12-26,88.30000305175781,88.30000305175781,89.01000213623047,88.08000183105469,89.01000213623047,424195
2025-12-29,87.70999908447266,87.70999908447266,89.0,87.5,89.0,294194
2025-12-30,87.08000183105469,87.08000183105469,88.16000366210938,86.44000244140625,88.13999938964844,529479
2025-12-31,87.81999969482422,87.81999969482422,88.16999816894531,87.0,87.08000183105469,462299
2026-01-01,88.44000244140625,88.44000244140625,88.58000183105469,87.2300033569336,88.25,265925
2026-01-02,89.69000244140625,89.69000244140625,89.80999755859375,88.45999908447266,88.48999786376953,626027
2026-01-05,91.52999877929688,91.52999877929688,91.75,89.1500015258789,89.69000244140625,1934843
2026-01-06,91.44999694824219,91.44999694824219,92.11000061035156,91.0199966430664,91.98999786376953,485212
2026-01-07,90.80999755859375,90.80999755859375,91.55000305175781,90.31999969482422,91.44999694824219,359056
2026-01-08,89.2699966430664,89.2699966430664,91.79000091552734,89.1500015258789,91.26000213623047,665909
2026-01-09,87.55999755859375,87.55999755859375,89.27999877929688,86.80000305175781,89.16000366210938,935137
2026-01-12,86.44000244140625,86.44000244140625,88.44999694824219,85.36000061035156,88.38999938964844,974212
2026-01-13,85.77999877929688,85.77999877929688,87.26000213623047,84.95999908447266,87.0,847738
2026-01-14,85.01000213623047,85.01000213623047,86.86000061035156,84.5,86.86000061035156,820449
2026-01-15,85.01000213623047,85.01000213623047,85.01000213623047,85.01000213623047,85.01000213623047,0
2026-01-16,85.30000305175781,85.30000305175781,86.87000274658203,84.9000015258789,85.76000213623047,659285
2026-01-19,83.62999725341797,83.62999725341797,85.58000183105469,83.4000015258789,85.58000183105469,1506338
2026-01-20,79.58000183105469,79.58000183105469,84.3499984741211,79.05999755859375,84.29000091552734,2781284
2026-01-21,78.94999694824219,78.94999694824219,80.37000274658203,77.80000305175781,80.37000274658203,1383755
2026-01-22,78.4000015258789,78.4000015258789,79.80999755859375,77.9000015258789,79.38999938964844,1190591
2026-01-23,75.75,75.75,78.88999938964844,75.58000183105469,78.88999938964844,2077262
2026-01-27,76.08999633789062,76.08999633789062,76.54000091552734,74.38999938964844,76.54000091552734,1534009
2026-01-28,77.1500015258789,77.1500015258789,77.18000030517578,76.0199966430664,76.5999984741211,1258669
2026-01-29,77.81999969482422,77.81999969482422,79.06999969482422,76.58000183105469,79.06999969482422,930689
2026-01-30,78.2699966430664,78.2699966430664,78.5,76.7699966430664,77.81999969482422,728383
2026-02-02,77.79000091552734,77.79000091552734,78.0,76.0,77.4000015258789,501208
2026-02-03,81.5199966430664,81.5199966430664,82.47000122070312,78.98999786376953,78.98999786376953,2038187
2026-02-04,82.25,82.25,82.41000366210938,80.44000244140625,81.5199966430664,628886
2026-02-05,81.81999969482422,81.81999969482422,82.25,80.80999755859375,82.25,373812
2026-02-06,82.30999755859375,82.30999755859375,82.4800033569336,80.63999938964844,81.98999786376953,498371
2026-02-09,84.38999938964844,84.38999938964844,84.6500015258789,82.37999725341797,82.7300033569336,1330980
2026-02-10,84.73999786376953,84.73999786376953,85.25,84.27999877929688,84.48999786376953,686936
2026-02-11,85.29000091552734,85.29000091552734,85.37000274658203,84.06999969482422,84.73999786376953,615503
2026-02-12,83.91000366210938,83.91000366210938,85.29000091552734,83.45999908447266,85.29000091552734,658085
2026-02-13,82.22000122070312,82.22000122070312,83.9000015258789,81.19999694824219,83.9000015258789,1068460
2026-02-16,83.55999755859375,83.55999755859375,84.0,80.16000366210938,80.16000366210938,444999
2026-02-17,83.26000213623047,83.26000213623047,83.73999786376953,82.87000274658203,83.55000305175781,233963
2026-02-18,83.77999877929688,83.77999877929688,84.05999755859375,82.68000030517578,83.2699966430664,315243
2026-02-19,81.70999908447266,81.70999908447266,83.83000183105469,81.23999786376953,83.73999786376953,510164
2026-02-20,82.0999984741211,82.0999984741211,82.38999938964844,81.37000274658203,81.7699966430664,309872
2026-02-23,81.81999969482422,81.81999969482422,82.87999725341797,81.31999969482422,82.16999816894531,472559
2026-02-24,79.95999908447266,79.95999908447266,82.22000122070312,79.20999908447266,81.83000183105469,662345
2026-02-25,79.77999877929688,79.77999877929688,80.94999694824219,79.0,79.0,492782
2026-02-26,79.9800033569336,79.9800033569336,80.38999938964844,79.29000091552734,79.98999786376953,388063
2026-02-27,78.16999816894531,78.16999816894531,80.19000244140625,77.91999816894531,80.01000213623047,1064012
2026-03-02,76.7300033569336,76.7300033569336,78.69000244140625,75.69999694824219,78.69000244140625,1621673
2026-03-04,74.37999725341797,74.37999725341797,76.7300033569336,73.52999877929688,76.7300033569336,1255665
2026-03-05,75.69999694824219,75.69999694824219,76.0,74.69000244140625,74.76000213623047,652476
2026-03-06,74.29000091552734,74.29000091552734,75.7699966430664,74.11000061035156,75.69000244140625,755750
2026-03-09,73.16999816894531,73.16999816894531,74.77999877929688,71.43000030517578,73.91999816894531,1129114
2026-03-10,74.38999938964844,74.38999938964844,74.58999633789062,73.47000122070312,73.54000091552734,433246
2026-03-11,73.1500015258789,73.1500015258789,75.45999908447266,73.05000305175781,74.76000213623047,719557
2026-03-12,71.9000015258789,71.9000015258789,73.56999969482422,71.30000305175781,73.16000366210938,1097430
2026-03-13,70.94999694824219,70.94999694824219,72.19999694824219,70.5,72.19999694824219,694715
2026-03-16,69.88999938964844,69.88999938964844,71.62999725341797,68.58999633789062,71.62999725341797,990683
2026-03-17,71.2300033569336,71.2300033569336,73.19999694824219,69.5199966430664,70.58999633789062,437591
2026-03-18,72.9800033569336,72.9800033569336,73.5999984741211,70.93000030517578,71.8499984741211,850083
2026-03-19,70.3499984741211,70.3499984741211,72.0,70.0,72.0,776242
2026-03-20,69.6500015258789,69.6500015258789,72.11000061035156,69.51000213623047,72.11000061035156,505348
2026-03-23,66.4000015258789,66.4000015258789,69.58999633789062,66.0,69.58000183105469,1035644
2026-03-24,67.4000015258789,67.4000015258789,68.12000274658203,66.61000061035156,67.2300033569336,510834
2026-03-25,69.18000030517578,69.18000030517578,69.93000030517578,67.83999633789062,69.08000183105469,599160
2026-03-27,66.98999786376953,66.98999786376953,68.9800033569336,66.81999969482422,68.5,1070080
2026-03-30,64.91999816894531,64.91999816894531,66.98999786376953,64.81999969482422,66.98999786376953,1617715
2026-04-01,66.51000213623047,66.51000213623047,67.44000244140625,65.20999908447266,65.4000015258789,610082
2026-04-02,67.12000274658203,67.12000274658203,67.58999633789062,64.0,65.91000366210938,1226625
2026-04-06,68.77999877929688,68.77999877929688,68.9800033569336,66.20999908447266,67.80999755859375,723548
2026-04-07,69.66999816894531,69.66999816894531,69.87999725341797,67.56999969482422,68.7699966430664,693397
2026-04-08,74.56999969482422,74.56999969482422,74.83000183105469,70.37000274658203,70.87999725341797,2422377
2026-04-09,74.19999694824219,74.19999694824219,76.44999694824219,73.20999908447266,75.19000244140625,1236682
2026-04-10,75.94999694824219,75.94999694824219,76.48999786376953,74.80000305175781,74.80999755859375,943529
2026-04-13,75.77999877929688,75.77999877929688,76.0199966430664,72.9000015258789,75.94999694824219,872687
2026-04-15,77.68000030517578,77.68000030517578,77.86000061035156,76.62999725341797,76.63999938964844,1081185
2026-04-16,78.05000305175781,78.05000305175781,79.4000015258789,77.12000274658203,77.68000030517578,965155
2026-04-17,78.62000274658203,78.62000274658203,78.83000183105469,77.75,78.44000244140625,858343
2026-04-20,78.23999786376953,78.23999786376953,78.80000305175781,77.16999816894531,78.62000274658203,927040
2026-04-21,79.86000061035156,79.86000061035156,80.44999694824219,78.0199966430664,78.47000122070312,2661769
2026-04-22,80.29000091552734,80.29000091552734,80.63999938964844,79.79000091552734,79.9800033569336,699879
2026-04-23,78.83000183105469,78.83000183105469,80.02999877929688,78.61000061035156,79.36000061035156,516376
2026-04-24,77.58999633789062,77.58999633789062,79.31999969482422,77.2300033569336,78.51000213623047,1061884
2026-04-27,79.75,79.75,79.97000122070312,78.19000244140625,78.87999725341797,2025531
2026-04-28,79.23999786376953,79.23999786376953,80.0999984741211,79.08000183105469,79.98999786376953,291024
2026-04-29,80.55999755859375,80.55999755859375,81.48999786376953,79.25,80.02999877929688,1492010
2026-04-30,79.44999694824219,79.44999694824219,80.55999755859375,78.69000244140625,80.55999755859375,446746
2026-05-01,79.44999694824219,79.44999694824219,79.44999694824219,79.44999694824219,79.44999694824219,0
2026-05-04,81.16999816894531,81.16999816894531,81.7300033569336,80.19999694824219,80.55000305175781,836742
2026-05-05,80.1500015258789,80.1500015258789,81.38999938964844,79.81999969482422,81.16999816894531,490175
2026-05-06,82.01000213623047,82.01000213623047,82.48999786376953,80.20999908447266,81.75,1453628
2026-05-07,82.63999938964844,82.63999938964844,82.87999725341797,81.41999816894531,82.48999786376953,720261
2026-05-08,82.36000061035156,82.36000061035156,82.83999633789062,81.95999908447266,82.62999725341797,507564
2026-05-11,79.61000061035156,79.61000061035156,81.98999786376953,79.41999816894531,81.98999786376953,863266
2026-05-12,76.58000183105469,76.58000183105469,80.13999938964844,76.22000122070312,79.27999877929688,3725099
2026-05-13,76.41999816894531,76.41999816894531,77.26000213623047,75.87999725341797,76.75,359371
2026-05-14,76.93000030517578,76.93000030517578,77.19999694824219,74.79000091552734,76.61000061035156,932450
2026-05-15,75.62000274658203,75.62000274658203,77.29000091552734,75.5,77.29000091552734,372608
2026-05-18,74.94999694824219,74.94999694824219,75.62000274658203,73.5,75.61000061035156,591700
2026-05-19,76.23999786376953,76.23999786376953,77.12999725341797,74.8499984741211,75.30000305175781,3671089
2026-05-20,76.62000274658203,76.62000274658203,76.83000183105469,74.61000061035156,76.19000244140625,338369
2026-05-21,77.4000015258789,77.4000015258789,77.88999938964844,77.0,77.0999984741211,298810
2026-05-22,77.36000061035156,77.36000061035156,77.98999786376953,76.52999877929688,77.98999786376953,267810
2026-05-25,78.4800033569336,78.4800033569336,78.72000122070312,78.0,78.0199966430664,325603
2026-05-26,78.0199966430664,78.0199966430664,78.91000366210938,77.91999816894531,78.69000244140625,525202
2026-05-27,78.29000091552734,78.29000091552734,79.25,77.87999725341797,78.58999633789062,1030808
2026-05-28,78.29000091552734,78.29000091552734,78.29000091552734,78.29000091552734,78.29000091552734,0
2026-05-29,77.73999786376953,77.73999786376953,79.88999938964844,77.16000366210938,78.80000305175781,5068848
2026-06-01,76.58000183105469,76.58000183105469,78.63999938964844,76.33999633789062,78.52999877929688,534956
2026-06-02,77.36000061035156,77.36000061035156,77.73999786376953,75.5999984741211,76.56999969482422,426418
2026-06-03,76.23999786376953,76.23999786376953,77.69000244140625,75.4000015258789,77.69000244140625,460293
2026-06-04,76.37999725341797,76.37999725341797,76.97000122070312,75.51000213623047,76.2300033569336,227127
2026-06-05,76.77999877929688,76.77999877929688,77.73999786376953,76.38999938964844,76.38999938964844,394844
2026-06-08,74.9000015258789,74.9000015258789,76.36000061035156,74.5,76.0999984741211,445486
2026-06-09,75.98999786376953,75.98999786376953,76.25,74.9000015258789,74.9000015258789,254383
2026-06-10,74.75,74.75,76.25,74.51000213623047,76.2300033569336,366202
2026-06-11,74.08000183105469,74.08000183105469,74.83999633789062,73.87999725341797,74.76000213623047,234094
2026-06-12,76.91999816894531,76.91999816894531,77.05000305175781,74.48999786376953,74.48999786376953,705243
2026-06-15,79.93000030517578,79.93000030517578,80.25,76.91999816894531,76.91999816894531,2167816
2026-06-16,81.54000091552734,81.54000091552734,81.75,80.11000061035156,80.20999908447266,886522
2026-06-17,81.06999969482422,81.06999969482422,81.7300033569336,80.11000061035156,81.54000091552734,1121108
2026-06-18,81.80000305175781,81.80000305175781,82.12999725341797,80.58000183105469,81.70999908447266,675124
2026-06-19,80.94999694824219,80.94999694824219,82.80000305175781,80.5,82.48999786376953,524023
2026-06-22,81.2300033569336,81.2300033569336,82.4800033569336,80.88999938964844,82.4800033569336,374609
2026-06-23,80.5199966430664,80.5199966430664,82.94999694824219,80.13999938964844,81.80000305175781,3378887
2026-06-24,82.11000061035156,82.11000061035156,82.25,80.01000213623047,80.98999786376953,528204
2026-06-25,82.37999725341797,82.37999725341797,83.5999984741211,82.19999694824219,82.48999786376953,1392132
2026-06-26,82.37999725341797,82.37999725341797,82.37999725341797,82.37999725341797,82.37999725341797,0
2026-06-29,81.66000366210938,81.66000366210938,83.04000091552734,81.3499984741211,82.98999786376953,558158
2026-06-30,82.75,82.75,83.20999908447266,81.61000061035156,81.86000061035156,495624
2026-07-01,85.5999984741211,85.5999984741211,85.83999633789062,82.91000366210938,83.0,1980159
2026-07-02,86.83999633789062,86.83999633789062,87.0,84.9000015258789,85.58999633789062,1266954
2026-07-03,88.75,88.75,89.0,85.51000213623047,85.5199966430664,2095528
2026-07-06,90.48999786376953,90.48999786376953,90.98999786376953,88.75,88.75,4044645
2026-07-07,88.83999633789062,88.83999633789062,91.26000213623047,88.69999694824219,91.26000213623047,1244453
2026-07-08,87.2300033569336,87.2300033569336,90.43000030517578,86.80999755859375,90.08000183105469,4117517
2026-07-09,90.44000244140625,90.44000244140625,90.69999694824219,87.22000122070312,88.0,1203277
2026-07-10,93.5,93.5,93.63999938964844,89.52999877929688,90.68000030517578,2031886
2026-07-13,93.44000244140625,93.44000244140625,95.83000183105469,92.05000305175781,94.3499984741211,1167116
2026-07-14,91.7300033569336,91.7300033569336,93.4000015258789,91.5,91.56999969482422,777405
2026-07-15,91.36000061035156,91.36000061035156,93.02999877929688,91.13999938964844,92.72000122070312,728929
2026-07-16,90.58999633789062,90.58999633789062,92.3499984741211,90.44999694824219,92.3499984741211,588334
2026-07-17,91.5999984741211,91.5999984741211,91.97000122070312,89.95999908447266,90.8499984741211,752973
2026-07-20,91.68000030517578,91.68000030517578,92.01000213623047,90.55000305175781,92.01000213623047,478692
2026-07-21,92.44000244140625,92.44000244140625,93.0,90.68000030517578,90.68000030517578,446856
2026-07-22,90.25,90.25,93.36000061035156,89.88999938964844,92.9800033569336,767587
2026-07-23,88.56999969482422,88.56999969482422,90.48999786376953,88.30999755859375,90.23999786376953,551792
2026-07-24,88.27999877929688,88.27999877929688,89.06999969482422,86.66000366210938,88.56999969482422,774528
2026-07-27,90.37999725341797,90.37999725341797,90.5199966430664,88.29000091552734,88.5,1495012
2026-07-28,92.22000122070312,92.22000122070312,92.54000091552734,90.44999694824219,90.44999694824219,912815
2026-07-29,91.83000183105469,91.83000183105469,92.76000213623047,91.29000091552734,92.69000244140625,685556
2026-07-30,89.66000366210938,89.66000366210938,93.66999816894531,88.12999725341797,92.87999725341797,766567
2026-07-31,90.30999755859375,90.30999755859375,90.87000274658203,89.45999908447266,90.11000061035156,531344
2026-08-03,90.41000366210938,90.41000366210938,91.30999755859375,89.62999725341797,91.30000305175781,963160
2026-08-04,89.43000030517578,89.43000030517578,90.75,89.0,89.0199966430664,604571
2026-08-05,90.45999908447266,90.45999908447266,91.55999755859375,89.69000244140625,89.7699966430664,645464
2026-08-06,89.18000030517578,89.18000030517578,90.47000122070312,89.0199966430664,90.47000122070312,591839
2026-08-07,89.02999877929688,89.02999877929688,89.7699966430664,88.80999755859375,89.7699966430664,327737
2026-08-10,90.5199966430664,90.5199966430664,90.72000122070312,88.5,89.48999786376953,822755
2026-08-11,89.30999755859375,89.30999755859375,90.97000122070312,89.1500015258789,90.5199966430664,605968
2026-08-12,88.66000366210938,88.66000366210938,89.36000061035156,88.08000183105469,89.36000061035156,619787
2026-08-13,89.94000244140625,89.94000244140625,90.16000366210938,88.45999908447266,88.87000274658203,460310
2026-08-14,89.66999816894531,89.66999816894531,90.31999969482422,89.30999755859375,89.94999694824219,476160
2026-08-17,91.44999694824219,91.44999694824219,91.69999694824219,88.7300033569336,88.73999786376953,704835
2026-08-18,90.43000030517578,90.43000030517578,92.2699966430664,89.6500015258789,92.2699966430664,832436
2026-08-19,89.43000030517578,89.43000030517578,90.54000091552734,89.01000213623047,90.54000091552734,471213
2026-08-20,91.19000244140625,91.19000244140625,91.4000015258789,89.43000030517578,90.0,664563
2026-08-21,91.20999908447266,91.20999908447266,92.1500015258789,90.88999938964844,91.19000244140625,457051
2026-08-24,91.54000091552734,91.54000091552734,92.05000305175781,91.1500015258789,91.66000366210938,607326
2026-08-25,91.7699966430664,91.7699966430664,92.0,91.16000366210938,91.5,307002
2026-08-26,91.37999725341797,91.37999725341797,92.87999725341797,90.83999633789062,92.69999694824219,479011
2026-08-27,91.2699966430664,91.2699966430664,92.31999969482422,91.0,92.31999969482422,194287
2026-08-28,90.81999969482422,90.81999969482422,92.18000030517578,90.69000244140625,92.18000030517578,332230
2026-08-31,90.05000305175781,90.05000305175781,93.0,89.0999984741211,93.0,2147253
2026-09-01,89.29000091552734,89.29000091552734,93.5,88.81999969482422,93.5,434767
2026-09-02,88.68000030517578,88.68000030517578,91.97000122070312,87.13999938964844,91.97000122070312,871418
2026-09-03,91.75,91.75,92.2699966430664,87.0,87.63999938964844,2487562
2026-09-04,90.83999633789062,90.83999633789062,92.55000305175781,90.12000274658203,92.0,2200446
2026-09-07,89.88999938964844,89.88999938964844,94.0,89.55000305175781,94.0,395534
2026-09-08,89.77999877929688,89.77999877929688,96.0,88.62999725341797,96.0,721102
2026-09-09,87.88999938964844,87.88999938964844,97.0,87.55000305175781,97.0,2572749
2026-09-10,87.5199966430664,87.5199966430664,90.0,86.9000015258789,90.0,422152
2026-09-11,85.20999908447266,85.20999908447266,90.0999984741211,83.51000213623047,90.0999984741211,4236073
2026-09-14,85.20999908447266,85.20999908447266,85.20999908447266,85.20999908447266,85.20999908447266,0
2026-09-15,82.37000274658203,82.37000274658203,86.58999633789062,82.0999984741211,86.05999755859375,790268
2026-09-16,83.01000213623047,83.01000213623047,83.4000015258789,80.91999816894531,83.0,410066
2026-09-17,83.8499984741211,83.8499984741211,84.3499984741211,82.13999938964844,83.75,330304
2026-09-18,85.2699966430664,85.2699966430664,85.47000122070312,83.9000015258789,84.26000213623047,283299
2026-09-21,85.6500015258789,85.6500015258789,85.9000015258789,84.54000091552734,85.2699966430664,343110
2026-09-23,87.30000305175781,87.30000305175781,87.8499984741211,86.41000366210938,86.54000091552734,536223
